fitness,r,K,s,u,v,functionCalls 
0.0463593,1.35703,1.0426,0.544103,0.65567,1.49222,2008664 
0.0669672,1.46471,1.10434,0.619765,0.594255,1.36963,2003804 
